{"cameraMode":{"drawMode":0,"name":"Shaded","section":"Shading Mode"},"sceneLighting":true,"audioPlay":false,"sceneViewState":{"m_AlwaysRefresh":false,"showFog":true,"showSkybox":true,"showFlares":true,"showImageEffects":true,"showParticleSystems":true,"showVisualEffectGraphs":true,"m_FxEnabled":true},"in2DMode":false,"pivot":{"x":8.994632720947266,"y":13.966960906982422,"z":40.0650634765625},"rotation":{"x":0.00014494653441943228,"y":0.9990389943122864,"z":-0.043795473873615268,"w":0.0032980868127197029},"size":21.319005966186525,"orthographic":false}