{"cameraMode":{"drawMode":0,"name":"Shaded","section":"Shading Mode"},"sceneLighting":true,"audioPlay":false,"sceneViewState":{"m_AlwaysRefresh":false,"showFog":true,"showSkybox":true,"showFlares":true,"showImageEffects":true,"showParticleSystems":true,"showVisualEffectGraphs":true,"m_FxEnabled":true},"in2DMode":false,"pivot":{"x":-0.6760006546974182,"y":0.838497519493103,"z":-0.8430732488632202},"rotation":{"x":-0.08487256616353989,"y":-0.7702503204345703,"z":0.10486195236444473,"w":-0.6233715415000916},"size":1.5568830966949463,"orthographic":false}