{"cameraMode":{"drawMode":0,"name":"Shaded","section":"Shading Mode"},"sceneLighting":true,"audioPlay":false,"sceneViewState":{"m_AlwaysRefresh":false,"showFog":true,"showSkybox":true,"showFlares":true,"showImageEffects":true,"showParticleSystems":true,"showVisualEffectGraphs":true,"m_FxEnabled":true},"in2DMode":false,"pivot":{"x":0.012857727706432343,"y":0.007965230382978917,"z":0.00971365999430418},"rotation":{"x":0.209292471408844,"y":0.09286986291408539,"z":-0.01992265321314335,"w":0.9732636213302612},"size":1.321922779083252,"orthographic":false}