{"cameraMode":{"drawMode":0,"name":"Shaded","section":"Shading Mode"},"sceneLighting":true,"audioPlay":false,"sceneViewState":{"m_AlwaysRefresh":false,"showFog":true,"showSkybox":true,"showFlares":true,"showImageEffects":true,"showParticleSystems":true,"showVisualEffectGraphs":true,"m_FxEnabled":true},"in2DMode":false,"pivot":{"x":2.1895618438720705,"y":-4.57570743560791,"z":-5.639999866485596},"rotation":{"x":0.08845610916614533,"y":-0.07283638417720795,"z":0.006485968362540007,"w":0.9933984875679016},"size":2.2026917934417726,"orthographic":false}