{"cameraMode":{"drawMode":0,"name":"Shaded","section":"Shading Mode"},"sceneLighting":true,"audioPlay":false,"sceneViewState":{"m_AlwaysRefresh":false,"showFog":true,"showSkybox":true,"showFlares":true,"showImageEffects":true,"showParticleSystems":true,"showVisualEffectGraphs":true,"m_FxEnabled":true},"in2DMode":false,"pivot":{"x":-1.382262945175171,"y":1.0983450412750245,"z":-7.9370245933532719},"rotation":{"x":-0.0056894863955676559,"y":-0.017688672989606859,"z":-0.000100490047771018,"w":0.999829888343811},"size":2.1888115406036379,"orthographic":false}