{"cameraMode":{"drawMode":0,"name":"Shaded","section":"Shading Mode"},"sceneLighting":true,"audioPlay":false,"sceneViewState":{"m_AlwaysRefresh":false,"showFog":true,"showSkybox":true,"showFlares":true,"showImageEffects":true,"showParticleSystems":true,"showVisualEffectGraphs":true,"m_FxEnabled":true},"in2DMode":false,"pivot":{"x":35.175010681152347,"y":-14.710434913635254,"z":-9.668713569641114},"rotation":{"x":0.22569796442985536,"y":0.25150689482688906,"z":-0.060398589819669726,"w":0.9392664432525635},"size":47.322792053222659,"orthographic":false}