{"cameraMode":{"drawMode":0,"name":"Shaded","section":"Shading Mode"},"sceneLighting":true,"audioPlay":false,"sceneViewState":{"m_AlwaysRefresh":false,"showFog":true,"showSkybox":true,"showFlares":true,"showImageEffects":true,"showParticleSystems":true,"showVisualEffectGraphs":true,"m_FxEnabled":true},"in2DMode":false,"pivot":{"x":-0.22846412658691407,"y":1.0322068929672242,"z":-10.299277305603028},"rotation":{"x":-0.0056894863955676559,"y":-0.017688672989606859,"z":-0.000100490047771018,"w":0.999829888343811},"size":0.6685357689857483,"orthographic":false}