{"cameraMode":{"drawMode":0,"name":"Shaded","section":"Shading Mode"},"sceneLighting":true,"audioPlay":false,"sceneViewState":{"m_AlwaysRefresh":false,"showFog":true,"showSkybox":true,"showFlares":true,"showImageEffects":true,"showParticleSystems":true,"showVisualEffectGraphs":true,"m_FxEnabled":true},"in2DMode":false,"pivot":{"x":0.5114535093307495,"y":-0.06663794815540314,"z":0.4430801272392273},"rotation":{"x":0.2007237821817398,"y":-0.08187831193208695,"z":0.01686990261077881,"w":0.9761108756065369},"size":2.628331422805786,"orthographic":false}