{"cameraMode":{"drawMode":0,"name":"Shaded","section":"Shading Mode"},"sceneLighting":true,"audioPlay":false,"sceneViewState":{"m_AlwaysRefresh":false,"showFog":true,"showSkybox":true,"showFlares":true,"showImageEffects":true,"showParticleSystems":true,"showVisualEffectGraphs":true,"m_FxEnabled":true},"in2DMode":false,"pivot":{"x":-0.5335357189178467,"y":-3.4859092235565187,"z":0.5581910014152527},"rotation":{"x":0.3639027178287506,"y":-0.07752535492181778,"z":0.030416131019592286,"w":0.9277274012565613},"size":4.207165241241455,"orthographic":false}