{"cameraMode":{"drawMode":0,"name":"Shaded","section":"Shading Mode"},"sceneLighting":true,"audioPlay":false,"sceneViewState":{"m_AlwaysRefresh":false,"showFog":true,"showSkybox":true,"showFlares":true,"showImageEffects":true,"showParticleSystems":true,"showVisualEffectGraphs":true,"m_FxEnabled":true},"in2DMode":false,"pivot":{"x":0.10651702433824539,"y":-0.1913694143295288,"z":0.1154027208685875},"rotation":{"x":0.16000734269618989,"y":0.6281529068946838,"z":-0.1340910792350769,"w":0.7495731115341187},"size":3.4966015815734865,"orthographic":false}