{"cameraMode":{"drawMode":0,"name":"Shaded","section":"Shading Mode"},"sceneLighting":true,"audioPlay":false,"sceneViewState":{"m_AlwaysRefresh":false,"showFog":true,"showSkybox":true,"showFlares":true,"showImageEffects":true,"showParticleSystems":true,"showVisualEffectGraphs":true,"m_FxEnabled":true},"in2DMode":false,"pivot":{"x":-0.41582176089286806,"y":0.3435312807559967,"z":0.024991827085614206},"rotation":{"x":-0.16009457409381867,"y":0.016875827684998514,"z":-0.0027372585609555246,"w":-0.9869556427001953},"size":2.6869442462921144,"orthographic":false}