{"cameraMode":{"drawMode":0,"name":"Shaded","section":"Shading Mode"},"sceneLighting":true,"audioPlay":false,"sceneViewState":{"m_AlwaysRefresh":false,"showFog":true,"showSkybox":true,"showFlares":true,"showImageEffects":true,"showParticleSystems":true,"showVisualEffectGraphs":true,"m_FxEnabled":true},"in2DMode":false,"pivot":{"x":-0.41582176089286806,"y":0.3435312807559967,"z":0.024991827085614206},"rotation":{"x":-0.2348448485136032,"y":0.04430415481328964,"z":-0.010715278796851635,"w":-0.970966100692749},"size":2.993424654006958,"orthographic":false}